{"EOUeVrtom0n4I9XM1HjTUw==":"3.jpeg","FkMO/5P15GhTFqtZZnL/Zg==":"1.jpeg","jGAAL8LdazdsghyNCQMv3w==":"1-1.jpeg","CN560vlnxaTM2hTHZx3H4A==":"2.jpeg","k7jnzQWqm7VTxBWBuv0yvA==":"mbr-143x95.png","9YQ8OFmbyPkJ+yHRoVamlQ==":"premium%20vector%20_%20suburban%20landscape-626x391.jpg","X+dchXC1xRMDbh/9PucxyA==":"premium%20vector%20_%20colorful%20landmarks%20skyline-626x417.jpg","sqWOn3JZidVuPX80YD3M8A==":"seamless-cartoon-city-background-with-separate-vector-20061461-1000x780.jpeg","aqDIDXm/73WYIUov9034iA==":"abstract%20j%20logo-144x108.png","d3y/dGrnNLFqj+au04UxPQ==":"download%20letter%20k%20luxury%20logo%20design%20concept%20template%20for%20free-128x128.png","0bOwHxOrgir2pykiO6stbw==":"gradient-fluid-shape-background_78532-373-1380x690.jpeg"}